"rank","cluster","symbols","frontend_total","backend_total","cohesion","dominance"
1,"Services",2412,29,2383,87.84,"backend"
2,"Api",2107,1936,118,80.34,"frontend"
3,"Engage",1289,55,1234,77.94,"backend"
4,"Controllers",720,29,684,91.52,"backend"
5,"Campaign",701,15,686,72.39,"backend"
6,"Models",693,4,689,82.56,"backend"
7,"Traits",548,4,544,68.9,"backend"
8,"Actions",535,13,522,80.83,"backend"
9,"Listeners",496,7,489,77.84,"backend"
10,"Checkout",493,5,488,79.85,"backend"
11,"Components",458,122,168,83.38,"backend"
12,"Imports",410,47,363,82.86,"backend"
13,"Dashboard",407,30,377,86.79,"backend"
14,"Jobs",393,1,392,89.69,"backend"
15,"Workflows",383,24,359,79.33,"backend"
16,"Contacts",383,51,332,80.44,"backend"
17,"Filters",345,254,91,83.53,"frontend"
18,"CustomHooks",338,325,7,69.36,"frontend"
19,"ModelFilters",334,2,332,64.92,"backend"
20,"Transaction",323,3,320,71.01,"backend"
21,"Auction",322,25,297,74.98,"backend"
22,"Unit",306,1,305,72.02,"backend"
23,"Auctions",305,14,291,77.96,"backend"
24,"Hooks",304,222,29,72.7,"frontend"
25,"Support",294,0,294,87.86,"backend"
26,"Contact",289,4,285,74.97,"backend"
27,"Transactions",266,29,237,85.13,"backend"
28,"Auth",243,1,242,80.64,"backend"
29,"Account",231,20,211,66.99,"backend"
30,"Exports",223,0,217,89.25,"backend"
31,"Providers",223,5,171,88.25,"backend"
32,"Rules",222,1,221,82.24,"backend"
33,"API",221,20,201,90.94,"backend"
34,"DataTransferObjects",204,0,204,82.19,"backend"
35,"Finance",204,82,122,79.94,"backend"
36,"Reporting",198,0,198,70.36,"backend"
37,"Js",198,0,177,90.52,"backend"
38,"Accounts",195,51,144,78.82,"backend"
39,"Webhooks",190,7,174,92.78,"backend"
40,"Campaigns",189,20,169,83.51,"backend"
41,"Pledges",185,13,172,65.3,"backend"
42,"Messages",179,0,179,86.22,"backend"
43,"Triggers",166,40,126,93.23,"backend"
44,"Tools",161,0,161,91.2,"backend"
45,"Factories",151,0,151,100,"backend"
46,"Payments",145,0,145,78.01,"backend"
47,"Aggregator",139,0,0,81.49,"unmapped"
48,"Middleware",136,0,136,88.23,"backend"
49,"V1",131,1,130,89.28,"backend"
50,"Summary",124,0,124,92.32,"backend"
51,"Opensearch",123,0,0,78.39,"unmapped"
52,"Filters-next",118,116,0,77.9,"frontend"
53,"Pipeline",116,0,0,76.31,"unmapped"
54,"Commands",112,1,111,77.35,"backend"
55,"Generation",110,0,110,61.93,"backend"
56,"Schema",110,0,37,77.41,"backend"
57,"Payout",107,0,107,77.7,"backend"
58,"Orchestra",106,0,106,70.48,"backend"
59,"Event",104,5,99,70.38,"backend"
60,"Form",102,102,0,64.53,"frontend"
61,"Ledger",98,0,98,90.4,"backend"
62,"Notifications",92,0,92,92.46,"backend"
63,"Mobile",90,0,90,80.4,"backend"
64,"Hydrator",89,0,0,88.23,"unmapped"
65,"Contracts",87,0,87,90.44,"backend"
66,"Task",85,6,79,83.41,"backend"
67,"Backfill",84,0,9,83.74,"backend"
68,"Households",82,3,79,73.78,"backend"
69,"Extensions",82,12,2,77.04,"frontend"
70,"Kafka",82,0,0,63.67,"unmapped"
71,"Collections",81,6,33,70.98,"backend"
72,"Mail",79,0,79,87.57,"backend"
73,"Requests",79,2,77,80.1,"backend"
74,"Feature",77,0,77,86.44,"backend"
75,"DataSync",75,0,75,76.36,"backend"
76,"MailPiece",75,0,75,70.79,"backend"
77,"Translate",74,0,0,94.6,"unmapped"
78,"Scheduling",73,6,67,83.79,"backend"
79,"Repairs",72,0,72,87.88,"backend"
80,"Blueprint",71,3,68,77.57,"backend"
81,"Stripe",70,1,69,90.25,"backend"
82,"Http",68,9,59,81.42,"backend"
83,"Methods",67,0,67,79.84,"backend"
84,"ContactActivity",66,0,66,87.09,"backend"
85,"Termui",66,0,0,78.35,"unmapped"
86,"Mediators",65,0,65,86.86,"backend"
87,"Line",65,0,65,71.45,"backend"
88,"Sanitizer",64,0,64,90.33,"backend"
89,"BranchConditions",61,0,61,100,"backend"
90,"Policies",60,2,58,81.05,"backend"
91,"Integrations",59,29,30,78.88,"backend"
92,"Service",59,0,59,76.54,"backend"
93,"Dev",58,0,58,79.29,"backend"
94,"Seeders",57,0,57,97.7,"backend"
95,"Whisk-eval",57,0,0,85.35,"unmapped"
96,"Intl-tel-input",55,0,54,88.67,"backend"
97,"Testing",55,0,55,96.5,"backend"
98,"Concerns",55,0,55,99.31,"backend"
99,"Registry",54,2,52,75.83,"backend"
100,"Sharing",54,0,54,73.23,"backend"
101,"Events",54,7,47,81.35,"backend"
102,"Reports",51,15,34,80.89,"backend"
103,"Batch",51,0,0,91.04,"unmapped"
104,"Datadog",50,0,50,76.53,"backend"
105,"Setup",50,0,50,79.68,"backend"
106,"ModelSeeders",49,0,49,94.07,"backend"
107,"Numbers",48,0,48,94.94,"backend"
108,"Custom-fields",48,46,2,78.49,"frontend"
109,"Builder",48,0,48,93.13,"backend"
110,"PaymentPlan",47,1,46,83.37,"backend"
111,"AccessControl",47,0,47,83.97,"backend"
112,"Table-seating",46,46,0,88.69,"frontend"
113,"Table",45,18,0,77.42,"frontend"
114,"Verify",45,0,0,82.33,"unmapped"
115,"Column",45,0,45,86.19,"backend"
116,"Pools",44,0,44,94.88,"backend"
117,"Filtering",44,0,44,69.2,"backend"
118,"ProjectManagement",43,0,43,88.93,"backend"
119,"Internal",42,0,29,87.08,"backend"
120,"Domains",42,0,42,94.9,"backend"
121,"GuideStar",40,0,40,84.7,"backend"
122,"Queries",40,18,22,78.05,"backend"
123,"Flow-v2",38,0,38,88.57,"backend"
124,"Payment",38,12,26,84.91,"backend"
125,"Pledge",37,1,36,77.43,"backend"
126,"Lob",37,0,37,85.38,"backend"
127,"SoftCredits",37,0,37,88.31,"backend"
128,"UI",36,0,35,89.3,"backend"
129,"CustomRules",35,0,35,97.14,"backend"
130,"Sponsors",35,5,30,82.55,"backend"
131,"Tickets",35,14,21,76.87,"backend"
132,"Campaign-event",34,34,0,78.74,"frontend"
133,"Handlers",34,0,34,70.59,"backend"
134,"Generator",33,0,0,78.76,"unmapped"
135,"ExceptionHandling",33,0,33,86.36,"backend"
136,"Search",33,26,4,80.77,"frontend"
137,"Academy",33,0,33,90.34,"backend"
138,"Explain",32,0,0,62.11,"unmapped"
139,"Pages",32,0,32,93.75,"backend"
140,"Items",32,0,32,90.77,"backend"
141,"Package",32,0,32,74.2,"backend"
142,"Reducers",32,32,0,75.95,"frontend"
143,"DefaultTemplates",32,0,32,65.28,"backend"
144,"Cli",31,0,0,85.05,"unmapped"
145,"ResponseTypes",31,0,31,100,"backend"
146,"Import",30,0,30,51.18,"backend"
147,"System",30,0,30,95.38,"backend"
148,"Flatfile",30,0,30,84.41,"backend"
149,"KeyFeatures",29,0,29,100,"backend"
150,"ScheduledExecution",29,0,29,69.77,"backend"
151,"Console",29,0,29,86.83,"backend"
152,"Quickbooks",29,0,29,85.82,"backend"
153,"PaddleRaise",29,6,23,78.58,"backend"
154,"ViewModels",29,0,29,88.69,"backend"
155,"Sql",28,0,0,72.74,"unmapped"
156,"Responses",27,0,27,100,"backend"
157,"Foundation",27,0,27,90.6,"backend"
158,"Eval",27,0,0,86.86,"unmapped"
159,"Chart",26,0,1,97.8,"backend"
160,"Query",26,0,26,66.71,"backend"
161,"Export",26,0,26,89.25,"backend"
162,"CampaignItem",26,0,26,83.33,"backend"
163,"Filter",26,0,26,74.86,"backend"
164,"MergeFields",25,0,25,80.81,"backend"
165,"Bloomerang",25,0,25,90.6,"backend"
166,"Facades",25,0,25,89.72,"backend"
167,"AccountReport",25,2,23,74.38,"backend"
168,"Monitor",25,0,25,70.98,"backend"
169,"DTOs",24,1,23,80.09,"backend"
170,"Rich-text-editor",24,0,0,89.02,"unmapped"
171,"Workflow",24,0,24,100,"backend"
172,"DateRange",23,0,23,62.58,"backend"
173,"Adapters",23,4,1,80.6,"frontend"
174,"Webhook",23,0,23,86.48,"backend"
175,"Items-form",23,19,0,67.1,"frontend"
176,"Widgets",23,4,15,84.1,"backend"
177,"Bidders",22,0,22,91.48,"backend"
178,"Checks",22,0,22,100,"backend"
179,"Templates",22,0,22,95.45,"backend"
180,"GetStream",22,0,22,92.05,"backend"
181,"Invite",22,1,21,76.38,"backend"
182,"Combobox",22,2,0,84.15,"frontend"
183,"Conversations",21,0,21,75.84,"backend"
184,"Criteria",20,0,20,100,"backend"
185,"Payouts",20,4,16,67.2,"backend"
186,"Enums",20,0,20,97.14,"backend"
187,"V2",20,0,20,93,"backend"
188,"Date-time",19,0,0,83.61,"unmapped"
189,"Migrations",19,0,19,65.26,"backend"
190,"Campaign-auction",19,19,0,80,"frontend"
191,"Config",19,0,13,91.73,"backend"
192,"Email",19,3,16,92.87,"backend"
193,"Members",19,0,19,100,"backend"
194,"AI",19,0,19,69.91,"backend"
195,"Formatters",18,0,18,90.48,"backend"
196,"Exception",18,0,18,84.95,"backend"
197,"ContactDeduplication",18,0,18,85.16,"backend"
198,"MessageStats",18,0,18,100,"backend"
199,"CalculatedFields",18,0,18,91.36,"backend"
200,"Ledgers",18,0,18,92.9,"backend"
201,"Exceptions",18,0,18,90.74,"backend"
202,"Mysql",18,0,0,92.86,"unmapped"
203,"Forms",17,17,0,100,"frontend"
204,"CustomField",17,2,15,82.84,"backend"
205,"Users",17,14,3,74.04,"frontend"
206,"Resources",17,0,17,85.47,"backend"
207,"Auction-settings",17,17,0,57.63,"frontend"
208,"Postmark",17,0,17,88.89,"backend"
209,"AccountReportTemplate",16,0,16,80.36,"backend"
210,"Github",16,0,16,81.73,"backend"
211,"Progress",15,0,0,83.02,"unmapped"
212,"Utilities",15,0,15,72.36,"backend"
213,"TrueNcoa",15,0,15,96.47,"backend"
214,"AccountMembers",15,3,12,73.58,"backend"
215,"Hatch",15,8,7,70.27,"frontend"
216,"Drivers",15,1,14,90.77,"backend"
217,"Paddle-raise",15,14,1,96.89,"frontend"
218,"Invites",14,1,13,81.48,"backend"
219,"Plan",14,0,14,92.02,"backend"
220,"Twilio",14,0,14,81.09,"backend"
221,"Transformers",14,0,14,76.67,"backend"
222,"Partials",14,0,0,100,"unmapped"
223,"Data-hygiene",14,14,0,72.49,"frontend"
224,"Casts",14,0,14,84.29,"backend"
225,"Upload",14,12,0,80.95,"frontend"
226,"Time",14,0,14,96.1,"backend"
227,"Timestamp",13,0,13,92.31,"backend"
228,"PaymentAccount",13,0,13,86.54,"backend"
229,"Apps",13,0,13,95.8,"backend"
230,"Onboarding",13,13,0,64.86,"frontend"
231,"Cluster_3804",13,0,0,91.43,"unmapped"
232,"Dev-console",13,0,0,100,"unmapped"
233,"Letters",13,13,0,75.82,"frontend"
234,"Plugins",13,0,13,75.09,"backend"
235,"Client",13,0,0,91.53,"unmapped"
236,"Strings",12,0,12,91.94,"backend"
237,"Manage-plan",12,0,10,60.74,"backend"
238,"Elements",12,4,8,85.71,"backend"
239,"MessageDeliveries",12,0,12,100,"backend"
240,"FieldTypes",12,0,12,100,"backend"
241,"ProductAdoption",12,0,12,100,"backend"
242,"Cache",12,0,12,100,"backend"
243,"Mocks",12,0,12,84.75,"backend"
244,"Cluster_3515",12,12,0,100,"frontend"
245,"Scripts",12,9,0,100,"frontend"
246,"Parser",12,0,12,75.56,"backend"
247,"Fakes",12,0,12,95.56,"backend"
248,"EventGuest",12,12,0,92.31,"frontend"
249,"Plans",12,0,12,100,"backend"
250,"Fake",12,0,12,95.61,"backend"
251,"ContactDetails",12,12,0,83.47,"frontend"
252,"GivingSpace",12,0,12,90.91,"backend"
253,"PaymentAccounts",12,2,10,75.68,"backend"
254,"Registrations",12,0,12,95.37,"backend"
255,"Paddle_raise",11,0,11,81.78,"backend"
256,"Cluster_3522",11,11,0,96,"frontend"
257,"LiveConsole",11,0,11,74.07,"backend"
258,"SeatingGroups",11,0,11,100,"backend"
259,"PaymentMethod",11,0,11,95.24,"backend"
260,"Labels",11,0,11,95.19,"backend"
261,"Settings",11,0,11,96.65,"backend"
262,"Types",11,0,11,96.36,"backend"
263,"Pdf",11,0,11,96.73,"backend"
264,"Tasks",11,3,8,70.55,"backend"
265,"Enrich",11,0,11,100,"backend"
266,"Cluster_3511",10,10,0,69.23,"frontend"
267,"Cluster_3529",10,10,0,81.25,"frontend"
268,"Seating",10,0,10,88.24,"backend"
269,"Upsell",10,0,10,67.47,"backend"
270,"Sms",10,0,10,100,"backend"
271,"Cluster_3581",10,10,0,75,"frontend"
272,"Web",10,0,10,100,"backend"
273,"LegalEntity",10,0,10,100,"backend"
274,"Chariot",10,0,10,96,"backend"
275,"Track",10,0,10,94.62,"backend"
276,"Snippet",9,9,0,78.5,"frontend"
277,"Nav-menu",9,6,0,50,"frontend"
278,"DomainRecord",9,0,9,80,"backend"
279,"Mixins",9,0,0,80.56,"unmapped"
280,"Post",9,0,9,100,"backend"
281,"Graph",9,0,9,100,"backend"
282,"HubSpot",9,0,9,80,"backend"
283,"Processing",9,0,9,78.26,"backend"
284,"Campaign-tools",9,8,1,80,"frontend"
285,"Pie",9,0,9,94.12,"backend"
286,"Interfaces",9,0,9,100,"backend"
287,"Color-picker",9,0,0,82.72,"unmapped"
288,"TrustedDevices",9,0,9,100,"backend"
289,"Cluster_3512",9,9,0,85.71,"frontend"
290,"PaymentPlans",9,0,9,92.06,"backend"
291,"Auction-categories",8,6,2,100,"frontend"
292,"Get",8,5,3,79.17,"frontend"
293,"Cards",8,8,0,81.25,"frontend"
294,"MMKVMigration",8,8,0,100,"frontend"
295,"Date-picker",8,0,0,92.86,"unmapped"
296,"Telemetry",8,0,0,100,"unmapped"
297,"Cluster_3807",8,0,0,87.5,"unmapped"
298,"Stores",8,0,0,93.33,"unmapped"
299,"Export-dialog",8,8,0,63.64,"frontend"
300,"Sources",8,0,8,100,"backend"
301,"Cluster_3525",8,8,0,83.33,"frontend"
302,"IDs",8,0,8,100,"backend"
303,"Tags",8,2,6,58.33,"backend"
304,"Nodeviews",7,0,0,92.06,"unmapped"
305,"Devtools",7,7,0,100,"frontend"
306,"Primitives",7,7,0,91.84,"frontend"
307,"TypeTransitions",7,0,7,100,"backend"
308,"Format",7,0,7,80,"backend"
309,"CampaignStaff",7,7,0,80.95,"frontend"
310,"Initiators",7,0,7,91.84,"backend"
311,"Cluster_477",7,0,7,70,"backend"
312,"CustomFields",7,0,7,92.31,"backend"
313,"Page-loading",7,7,0,100,"frontend"
314,"Phone",7,0,7,100,"backend"
315,"RequireUniqueForRule",7,0,7,100,"backend"
316,"Funds",7,3,4,70.59,"backend"
317,"Transform",7,7,0,87.5,"frontend"
318,"React-shared",7,0,7,100,"backend"
319,"Migrate",7,0,0,58.33,"unmapped"
320,"Controller",7,2,5,82.35,"backend"
321,"AWS",7,0,7,100,"backend"
322,"QRCode",7,0,7,63.16,"backend"
323,"BidderDetail",7,7,0,66.67,"frontend"
324,"Donorsearch",7,0,7,60,"backend"
325,"Assets",6,2,4,100,"backend"
326,"Util",6,6,0,66.67,"frontend"
327,"Video-preview",6,6,0,100,"frontend"
328,"AuctionItem",6,6,0,62.5,"frontend"
329,"TicketSales",6,6,0,80,"frontend"
330,"Cluster_3856",6,0,0,100,"unmapped"
331,"Servers",6,0,6,100,"backend"
332,"EnumUtils",6,0,6,100,"backend"
333,"Browser",6,0,6,100,"backend"
334,"Sortable",6,0,0,100,"unmapped"
335,"Alert-notification",6,0,0,100,"unmapped"
336,"Cluster_470",6,0,6,100,"backend"
337,"PHPStan",6,0,6,100,"backend"
338,"TicketListItem",6,6,0,100,"frontend"
339,"Parsers",6,0,6,86.67,"backend"
340,"PHPUnit",6,0,6,100,"backend"
341,"Recommended-actions",6,6,0,71.43,"frontend"
342,"Bidders-index",6,6,0,90.91,"frontend"
343,"TwoFactorAuth",6,6,0,52.63,"frontend"
344,"EditStaffMember",6,6,0,62.5,"frontend"
345,"Text",6,0,6,100,"backend"
346,"Cluster_3528",6,6,0,83.33,"frontend"
347,"Queue",6,0,6,100,"backend"
348,"Household",6,0,6,61.9,"backend"
349,"Hocs",6,0,0,100,"unmapped"
350,"Subscription",6,6,0,100,"frontend"
351,"Permissions",6,3,3,100,"balanced"
352,"Database",6,0,6,75,"backend"
353,"Create-campaign-dialog",5,5,0,57.14,"frontend"
354,"Imported-recurring-plans",5,5,0,47.06,"frontend"
355,"Schools",5,2,3,90.91,"backend"
356,"Repair",5,0,5,100,"backend"
357,"Cluster_480",5,0,5,71.43,"backend"
358,"CampaignSupported",5,0,5,80,"backend"
359,"ConnectM2Reader",5,5,0,61.54,"frontend"
360,"Cluster_1006",5,0,5,92.31,"backend"
361,"CI",5,0,5,88.89,"backend"
362,"Tips-and-fees",5,5,0,88.89,"frontend"
363,"Mailables",5,0,5,80,"backend"
364,"Cluster_3527",5,5,0,80,"frontend"
365,"App",5,5,0,47.06,"frontend"
366,"Cluster_3860",5,0,0,100,"unmapped"
367,"Sorting",5,0,5,100,"backend"
368,"Feed",5,0,5,72.73,"backend"
369,"Dialog-route",5,5,0,100,"frontend"
370,"ChooseSupporter",5,5,0,75,"frontend"
371,"DemoTools",5,0,5,90.91,"backend"
372,"Declare-winner",5,5,0,50,"frontend"
373,"NumberIncrementer",4,4,0,85.71,"frontend"
374,"Campaign-details",4,4,0,75,"frontend"
375,"PHPCSFixer",4,0,4,100,"backend"
376,"ScheduleClassUsageRule",4,0,4,100,"backend"
377,"Results",4,0,4,46.15,"backend"
378,"Communication",4,0,4,100,"backend"
379,"Campaign-settings",4,4,0,66.67,"frontend"
380,"Context",4,0,4,66.67,"backend"
381,"Campaign-team",4,4,0,100,"frontend"
382,"NavigationHeader",4,4,0,100,"frontend"
383,"Engage-email",4,4,0,100,"frontend"
384,"Observers",4,0,4,60,"backend"
385,"User",4,0,4,75,"backend"
386,"Fraud",4,0,4,100,"backend"
387,"Activities",4,0,4,85.71,"backend"
388,"Recurring-payments",4,4,0,85.71,"frontend"
389,"Toast",4,0,0,100,"unmapped"
390,"Resolver",4,0,4,100,"backend"
391,"CommandHandleReturnRule",4,0,4,100,"backend"
392,"Cluster_3510",4,4,0,85.71,"frontend"
393,"Cluster_3806",4,0,0,75,"unmapped"
394,"Exporting",4,0,4,60,"backend"
395,"DomainSettings",4,4,0,100,"frontend"
396,"Dropdown-menu",4,0,0,100,"unmapped"
397,"Examples",4,0,4,66.67,"backend"
398,"Cluster_3531",4,4,0,85.71,"frontend"
399,"Slider",4,0,0,100,"unmapped"
400,"AuctionItemList",4,4,0,100,"frontend"
401,"Cluster_3533",4,4,0,85.71,"frontend"
402,"Address",4,0,4,66.67,"backend"
403,"Cluster_3524",4,4,0,85.71,"frontend"
404,"ConfirmActionModal",4,4,0,85.71,"frontend"
405,"Cluster_3808",4,0,0,66.67,"unmapped"
406,"Candid",4,0,4,66.67,"backend"
407,"ImportHandlers",4,0,4,66.67,"backend"
408,"MediaLibrary",4,0,4,100,"backend"
409,"Sponsor",4,0,4,100,"backend"
410,"Dialog",3,3,0,100,"frontend"
411,"Cluster_656",3,0,3,100,"backend"
412,"Cluster_3530",3,3,0,100,"frontend"
413,"Canva",3,0,3,100,"backend"
414,"Manual",3,3,0,100,"frontend"
415,"AcceptedPaymentMethods",3,0,3,100,"backend"
416,"Cluster_472",3,0,3,100,"backend"
417,"Unstyled-link",3,0,0,100,"unmapped"
418,"Meter",3,0,0,100,"unmapped"
419,"Cluster_1666",3,0,3,100,"backend"
420,"Backend",3,0,3,100,"backend"
421,"AuctionItems",3,0,3,100,"backend"
422,"Fixtures",3,0,3,100,"backend"
423,"Givebutter",3,3,0,100,"frontend"
424,"Profile",3,0,3,100,"backend"
425,"DataEnrichment",3,0,3,100,"backend"
426,"Values",3,0,3,100,"backend"
427,"Connection-status",2,0,0,100,"unmapped"
428,"Public",2,0,2,100,"backend"
429,"Thankview",2,0,2,100,"backend"
430,"PushNotifications",2,0,2,100,"backend"
431,"Bulk-actions",2,2,0,100,"frontend"
432,"Libs",2,0,2,100,"backend"
433,"Paginated",2,2,0,100,"frontend"
434,"System-info",2,0,0,100,"unmapped"
435,"M2Reader",2,2,0,100,"frontend"
436,"Skeleton",2,0,0,100,"unmapped"
437,"MustExtendFactoryBaseRule",2,0,2,100,"backend"
438,"Auction-bidders",2,2,0,100,"frontend"
439,"EloquentBuilders",2,0,2,100,"backend"
440,"Cluster_2906",2,0,2,100,"backend"
441,"Log-viewer",2,0,0,100,"unmapped"
442,"Cluster_473",2,0,2,100,"backend"
443,"Preview",2,0,2,100,"backend"
444,"Tips-ui",2,0,2,100,"backend"
445,"ValueObjects",2,0,2,100,"backend"
446,"Trace",2,0,0,100,"unmapped"
447,"NumberTicker",2,2,0,100,"frontend"
448,"Cluster_3803",2,0,0,100,"unmapped"
449,"DonationStats",2,0,2,100,"backend"
450,"Banner",2,0,0,100,"unmapped"
451,"E2e",2,2,0,100,"frontend"
452,"Email-preview",2,0,0,100,"unmapped"
453,"Eloquent",2,0,2,100,"backend"
454,"Cluster_3526",2,2,0,100,"frontend"
455,"Two-factor",2,2,0,100,"frontend"
456,"Pdf-preview",2,0,0,100,"unmapped"
457,"PayPal",2,0,2,100,"backend"
458,"IPQualityScore",2,0,2,100,"backend"
459,"Content",2,2,0,100,"frontend"
460,"Cluster_3640",2,2,0,100,"frontend"
461,"Input",2,2,0,100,"frontend"
462,"Welcome",2,2,0,100,"frontend"
463,"Bids",2,0,2,100,"backend"
464,"Clients",2,0,2,100,"backend"
465,"Connectors",2,0,2,100,"backend"
466,"Maintenance",2,0,2,100,"backend"
467,"Cluster_471",2,0,2,100,"backend"
